Product ID,Product Name,Product Description,Product Price,Discount %,Product Image URL,Product Link,🏠 Home Category,📦 Subcategory,🎨 Style Tag,🧃 Product Type,🏷️ Search Tags,Additional Images
Tay001,"Ninja Blast Portable Blender, Cordless, 18oz. Vessel, Personal Blender",Ice Crushing power of a corded blender now in a cordless footprint. Twist & Go removable vessel. Intelligent AUTO IQ Crush & Smoothie programs. Easy-open sip lid with silicone handle.,$49.99,29%,https://m.media-amazon.com/images/I/71hlmsrHl+L.AC_SL1500.jpg,https://amzn.to/3RtVA80,🧺 HOME ORGANIZATION,Kitchen Organization,"Cozy, Pinterest Aesthetic, Modern Kitchen, Healthy Kitchen","Portable Blender, Smoothie Blender, Personal Blender, Kitchen Gadget","ninja blast, portable blender, cordless blender, aesthetic kitchen, healthy lifestyle smoothies",
Tay002,"Hamilton Beach Portable Blender for Shakes and Smoothies, Tranquil Blue (51172)",The original blend and go personal blender. 14 oz. BPA-free travel jar with travel lid that doubles as a to-go cup. Durable stainless steel blades power through ice and frozen fruits.,$19.95,Nil,https://m.media-amazon.com/images/I/61R7wiDoKCL.AC_SL1500.jpg,https://amzn.to/4wL7VF5,🧺 HOME ORGANIZATION,Kitchen Organization,"Cozy, Warm & Homely, Small Space, Pinterest Aesthetic","Travel Blender, Personal Blender, Smoothie Blender","hamilton beach, travel blender, blue kitchen decor, personal smoothie maker, small space kitchen",
Tay003,Regalosonline Mini Personal and Portable Hand Blender with 6 Blades + 2 Cups,"Premium materials ensure durability. Motor runs at 21,000 rpm to deliver exceptional power. USB-rechargeable mini portable blender with 2-in-1 design to blend and drink in the same cup.",$23.99,Nil,https://m.media-amazon.com/images/I/61ohQKGZdzL.AC_SL1500.jpg,https://amzn.to/4uwGkpA,🌿 LIFESTYLE,Kitchen Wellness,"Functional, Healthy Kitchen, Lifestyle","Travel Blender, Personal Blender, Kitchen Gadget","mini hand blender, usb rechargeable blender, meal prep tool, travel essentials wellness",
Tay004,"Portable Blender, 8 Blades Personal Size Smoothie Blender with LED Display, Black",Equipped with upgraded 8 stainless-steel blades and a high-speed 22000 RPM motor. Smart LED screen shows battery status and blending time. Extra travel bottom lid turns base into a lightweight cup.,$29.99,Nil,https://m.media-amazon.com/images/I/61wvbdBVxkL.AC_SL1500.jpg,https://amzn.to/49QCGyp,🌞 OUTDOOR & TRAVEL,Travel Accessories,"Minimalist, Functional, Creator Aesthetic","Portable Blender, Smoothie Blender, Personal Blender","8 blade blender, led display blender, gym smoothie cup, travel friendly mixer, black aesthetic",
Tay005,"Colarlemo 12-Piece Smoothie Blender Maker 25,000 RPM Personal Blender, Silver","High-performance 1200-watt motor handles blending, crushing, and grinding. Features 2 enhanced 6-blade assemblies. Includes 3 versatile cup sizes (23 oz, 32 oz, and 37 oz) with drop-resistant design.",$69.99,Nil,https://m.media-amazon.com/images/I/812DzdnWwXL.AC_SL1500.jpg,https://amzn.to/4wNwCk0,🏠 HOME,Kitchen & Dining,"Modern, Luxury, Modern Kitchen, Healthy Kitchen","Smoothie Blender, Food Processor, Kitchen Storage","counter top blender, 12 piece blender set, heavy duty smoothie maker, ice crushing, kitchen gadgets",
Tay006,Sangcon 1000W Smoothie Blender for Kitchen with Multi-Cup Travel Set,"1000W motor with upgraded 6-leaf stainless steel blades. Crushes ice, grinds coffee or spices. Includes 24oz juice cup, 17oz smoothie cup, and 10oz grinder cup. Advanced cooling system.",$39.97,Nil,https://m.media-amazon.com/images/I/716Y8NSfrxL.AC_SL1500.jpg,https://amzn.to/4a68tvj,🏠 HOME,Kitchen & Dining,"Functional, Modern Kitchen, Healthy Kitchen","Smoothie Blender, Coffee Grinder, Spice Grinder, Meal Prep Tool","sangcon blender, kitchen time saver, multi cup blender, spice grinder combo, protein shake maker",
Tay007,"2026 New Portable Household Appliances Juicer, 44oz Personal Size Blender, Blue","Large capacity blender bottle design perfect for mixing smoothies, protein shakes, and meal replacements. Dual lid shaker bottle design with a built-in straw for easy sipping on the go.",$25.88,Nil,https://m.media-amazon.com/images/I/61jM7OTz0NL.AC_SL1254.jpg,https://amzn.to/4nIcoUM,🎒 SCHOOL & DORM,College Kitchen,"Cozy, Small Space, Pinterest Aesthetic, Compact Living","Mini Countertop Blender, Drinkware, Dorm Essential","2026 blender bottle, blue aesthetic kitchen, dorm shaker cup, gym hydration, travel smoothie mug",
Tay008,Electric Salt and Pepper Grinder Set Automatic Battery Powered with LED Light,5 adjustable levels for precise and even seasoning from fine to coarse. Battery powered one-hand operation. Built-in LED light for precise seasoning. Durable ceramic blades with transparent body.,$19.99,Nil,https://m.media-amazon.com/images/I/71NpF4JP7HL.AC_SL1500.jpg,https://amzn.to/4v39rR7,🏡 HOME DECOR,Decorative Accessories,"Minimalist, Pinterest Aesthetic, Modern Kitchen","Pepper Grinder, Spice Grinder, Kitchen Gadget","electric pepper mill, automatic salt shaker, premium kitchen gadgets, stew prep helper, nigerian food prep",
Tay009,"Amazon Basics Fast Electric Coffee Grinder for Home Use, Stainless Steel",Electric coffee bean and spice grinder appliance for home use. Heavy-duty stainless steel grind blades can grind 30 grams of beans in 10 seconds. Clear safety lid allows you to easily see progress.,$17.56,Nil,https://m.media-amazon.com/images/I/611JVbDD6xL.AC_SL1500.jpg,https://amzn.to/4x1JTpw,🏠 HOME,Kitchen & Dining,"Minimalist, Functional, Healthy Kitchen","Coffee Grinder, Seed Grinder, Spice Grinder","amazon basics grinder, flaxseed grinder, nut grinder, oat flour blender, minimalist kitchen tools",
Tay010,"SHARDOR One Touch Coffee Grinder Electric, Spice and Herb Dry Grinder, Black",Simple press-to-start one-touch control. Super silent operation running at an average of 60 dB. Removable stainless steel cup for easy cleaning and pouring. Upgraded durable blades.,$27.99,Nil,https://m.media-amazon.com/images/I/81xYtyPs4IL.AC_SL1500.jpg,https://amzn.to/4uddKsx,🧺 HOME ORGANIZATION,Kitchen Organization,"Minimalist, Compact Living, Healthy Kitchen","Coffee Grinder, Seed Grinder, Spice Grinder","shardor grinder, silent spice grinder, removable bowl grinder, peanut grinder, seed blending cup",
Tay011,"Hamilton Beach Portable Blender for Shakes and Smoothies, 2 Jars - White","The original blend and go personal design with 2 matching white 14 oz. BPA-free travel jars and lids. Durable stainless steel blades power through ice, frozen fruits, and leafy greens.",$24.99,Nil,https://m.media-amazon.com/images/I/716DiCk9hiL.AC_SL1500.jpg,https://amzn.to/3RiKxP7,🎒 SCHOOL & DORM,College Kitchen,"Minimalist, Clean Girl, Neutral Decor, Compact Living","Personal Blender, Travel Blender, Drinkware","hamilton beach dual jar, white aesthetic kitchen, clean girl apartment, minimal desk smoothie, blend and go",
Tay012,"Ganiza Food Processor, 2-Speed Food Chopper Meat Grinder Combo",Dual-bowl versatility featuring an 8-cup glass bowl and an 8-cup stainless steel bowl. 450W full-copper motor with 2 speeds and smart overheat protection light feedback. Patented safe-stop buttons.,$39.99,Nil,https://m.media-amazon.com/images/I/81yYCsBudzL.AC_SL1500.jpg,https://amzn.to/4dN4oxl,🧺 HOME ORGANIZATION,Kitchen Organization,"Functional, Modern Kitchen, Warm & Homely","Food Processor, Kitchen Gadget, Meal Prep Tool","ganiza food chopper, kitchen time saver, onion chopper, nigerian stew prep, meal prep processor",
Tay013,"USB Microphone, MAONO 192KHZ/24Bit Plug & Play PC Condenser Mic Kit","Professional sound chipset supporting high resolution 192kHz/24Bit audio. Simple plug & play USB 2.0 connectivity. Complete with sturdy boom arm set, metal shock mount, and pop filter.",$51.14,30%,https://m.media-amazon.com/images/I/61nBnmqugjL.AC_SY300_SX300_QL70_FMwebp.jpg,https://amzn.to/3NWHlHv,🎙️ CREATOR SETUP,Podcast Setup,"Creator Aesthetic, Cozy Creator, Minimal Desk","Microphone, Podcast Equipment, Recording Equipment","maono usb mic, budget podcast microphone, cozy recording setup, desk boom arm, voice over equipment",
Tay014,DUMOS 32 Inch Office Small Computer Desk Modern Simple Style - Wood White,"Home office desk featuring a scratch-resistant, water-resistant white wood tabletop. Supported by a heavy-duty steel frame with an X-shaped reinforcement structure to stop annoying wobbling.",$26.96,10%,https://m.media-amazon.com/images/I/61H5Ql28NVL.AC_SL1500.jpg,https://amzn.to/4vuy9ei,💻 HOME OFFICE,Desk Setup,"Scandinavian, Japandi, Neutral Decor, Cozy Creator","Desk, Office Furniture","dumos small desk, 32 inch computer desk, white wood table, small space office, minimalist bedroom desk",
Tay015,"GTPLAYER Gaming Chair, Computer Chair with Footrest and Lumbar Support","Pearl White high-back office and gaming chair. Built with a full metal frame, padded armrests, and high-quality PU leather. Includes extendable footrest, headrest, and ergonomic lumbar pillow.",$89.78,36%,https://m.media-amazon.com/images/I/71i1brfkBbL.AC_SY300_SX300_QL70_FMwebp.jpg,https://amzn.to/4vMfH15,💻 HOME OFFICE,Seating,"Luxury, Soft Luxury, Creator Aesthetic, Cozy Creator","Office Chair, Accent Chair","pearl white desk chair, aesthetic gaming chair, comfy office seating, soft luxury creator chair, lounge stool",
Tay016,Der purple 4 Pack Fake Plants Mini Artificial Greenery Potted Plants,"Set of 4 mini artificial green potted plants measuring 7"" tall. Made from high-quality, eco-friendly plastic with a realistic rustic finish. Blends naturally without needing any maintenance.",$9.99,38%,https://m.media-amazon.com/images/I/4mrBOpe._AC_,https://amzn.to/4mrBOpe,🏡 HOME DECOR,Artificial Plants,"Boho, Farmhouse, Cozy, Pinterest Aesthetic","Artificial Plant, Desk Organizer, Wall Decor","mini faux plants, der purple greenery, mantel decorations, small desk plants, cozy bedroom aesthetic",
Tay017,"BAYKA Wall Mounted Floating Shelves, Wood Floating Wall Shelf (Set of 4)",Premium lightweight and durable paulownia wood floating shelves with a rustic grain finish. Supported by stable black metal triangular frames holding up to 40 lbs. Pack includes 3 sizes.,$19.99,41%,https://m.media-amazon.com/images/I/81rCJ5lTYRL.AC_SX679.jpg,https://amzn.to/4slCKww,🏡 HOME DECOR,Shelving,"Industrial, Cozy, Small Space, Pinterest Aesthetic","Floating Shelf, Storage Organizer, Wall Decor","bayka floating shelves, podcast background ideas, wood wall shelves, small room studio, minimal wall display",
Tay018,"OPNICE Desk Organizer, 2-Tier Computer Monitor Stand Riser with Drawer",Ergonomic computer monitor stand riser that elevates your screen to a comfortable viewing height. Complete with a pull-out slide storage drawer and 2 matching pen holders for desktop supplies.,$19.99,33%,https://m.media-amazon.com/images/I/81MeUftFm8L.AC_SL1500.jpg,https://amzn.to/41xPG7J,💻 HOME OFFICE,Desk Organization,"Minimalist, Functional, Minimal Desk","Desk Organizer, Storage Organizer","opnice monitor stand, black desk riser, drawer organizer set, screen riser shelf, workspace storage",
Tay019,"SENSYNE 62"" Phone Tripod & Selfie Stick Stand with Wireless Remote","Create the ultimate hands-free content setup with this gorgeous 62-inch extendable phone tripod. Beautifully sleek and versatile, it pulls double duty as a stable floor stand or an on-the-go selfie stick. Features a 360-degree rotating mount to catch your dreamiest angles, a universal phone holder, and a wireless remote shutter for effortless, aesthetic vlogging, live streams, and cozy family portraits.",$15.98,47%,https://m.media-amazon.com/images/I/51svJuNXDyL.AC_SL1500.jpg,https://amzn.to/4cfVU2h,🎙️ CREATOR SETUP,Tripods & Mounts,"Creator Aesthetic, Cozy Creator, Pinterest Aesthetic","Tripod Stand, Content Creation Accessories","sensyne tripod, phone stand, selfie stick, vlog gear, cozy filming setup, content creator accessories",
Tay020,"Cyezcor Video Conference Light Kit, Clip-On Laptop Monitor Ring Light","Bring a soft, radiant glow to your digital workspace with this lovely clip-on ring light. Designed with 48 premium LED beads, it illuminates your face with even, shadow-free light that never feels harsh or blinding. Easily customize your ambiance using the intuitive inline switch, featuring 3 cozy color temperatures (warm, natural, and white) and 5 gentle brightness levels. Powered by a simple USB plug, it clamps securely onto your monitor, laptop, or desk shelf to elevate your Zoom meetings, remote work, or late-night streams with an effortless, filtered aesthetic.",$21.99,19%,https://m.media-amazon.com/images/I/71fP8HUOkPL.AC_SL1500.jpg,https://amzn.to/4tfZrU4,🎙️ CREATOR SETUP,Lighting,"Creator Aesthetic, Clean Girl, Soft Luxury","Ring Light, Lighting, Content Creation Accessories","clip on ring light, laptop zoom light, soft glow lighting, video conference light, video lighting kit",
Tay021,Small Touch Control Bedside Table Lamp with Wood Base & USB-C Ports,"Instantly elevate your nightstand setup with this beautiful, minimalist bedside lamp. Crafted with a stable, warm wood-finished metal base and a textured flaxen fabric shade, it diffuses a gorgeous, soft-filtered glow throughout your bedroom. Features a touch-sensitive sensor so you can effortlessly tap anywhere on the base to toggle between 3 dimmable brightness settings. Built for a clutter-free lifestyle, it keeps your space organized with an integrated USB-C port, a USB-A port, and a handy AC outlet to power your daily electronics. Includes a flicker-free LED bulb.",$19.99,31%,https://m.media-amazon.com/images/I/71zreHoOzVL.AC_SL1500.jpg,https://amzn.to/4cHHMhd,🏠 HOME,Bedroom,"Cozy, Neutral Decor, Warm & Homely, Pinterest Aesthetic","Lighting, Desk Organizer","bedside touch lamp, aesthetic nightstand lamp, wood base lighting, bedroom glow up, minimalist lamp",
Tay022,KSIPZE 100ft Smart App Control RGB Music Sync LED Strip Lights,"Set the mood and wrap your space in a dreamy, color-changing glow with this generous 100-foot smart LED strip light kit. Use the intuitive smart mobile app or IR remote to customize your lighting from 16 million stunning colors, adjust brightness levels, and choose between soothing fade or flash modes. Features a built-in microphone that syncs your lights to the rhythm of your favorite ambient music or lo-fi tracks. Complete with a safe, strong adhesive backing that effortlessly adheres to clean, dry surfaces for a quick and cozy bedroom, kitchen, or living room ceiling refresh.",$9.99,28%,https://m.media-amazon.com/images/I/71lntIT6FfL.AC_SX679.jpg,https://amzn.to/4cGlCvO,🏠 HOME,Bedroom,"Cozy, Pinterest Aesthetic, Creator Aesthetic",Lighting,"led strip lights, bedroom mood lighting, music sync lights, rgb strips, cozy bedroom glow up",
Tay023,Bedsure GentleSoft Off-White Striped Flannel Fleece Throw Blanket,"Wrap yourself in pure, velvety luxury with this ultra-fluffy flannel fleece throw blanket. Designed with an elegant, subtle striped texture in a gorgeous off-white hue, it adds an instant layer of cozy, inviting charm to any neutral bedding or living room sofa. Expertly crafted from premium microfiber, it strikes the absolute perfect balance between fluffy warmth and breathable lightness. Machine washable and built with durable stitching to prevent shedding, it makes a thoughtful self-care treat or a beautiful birthday gift for someone special.",$13.49,25%,https://m.media-amazon.com/images/I/71v-XszFraL.AC_SL1500.jpg,https://amzn.to/4vGVREh,🏠 HOME,Bedroom,"Cozy, Neutral Decor, Pinterest Aesthetic, Warm & Homely",Textiles & Soft Furnishing,"off white throw blanket, bedsure fleece throw, cozy bedding accents, neutral home decor, aesthetic couch cover",
Tay024,BAYKA Wall Mounted Rustic Wood Floating Shelves with Invisible Brackets,"Clear up your precious counter space and display your favorite trinkets with this lovely set of 3 minimalist floating shelves. Featuring a sleek, clean look supported by sturdy invisible steel brackets, they add an elegant touch of warmth to any bare wall. Each durable shelf is carefully treated with a protective sealant to lock out moisture and prevent warping over time, holding up to 22 lbs of books, small trailing plants, or bathroom essentials. Comes complete with a step-by-step guide and a built-in leveling tool for a stress-free setup.",$20.99,34%,https://m.media-amazon.com/images/I/712qS2qeRcL.AC_SL1500.jpg,https://amzn.to/4eFwah4,🏡 HOME DECOR,Shelving,"Minimalist, Cozy, Pinterest Aesthetic, Warm & Homely","Floating Shelf, Wall Decor, Storage Organizer","bayka floating shelves, rustic wood wall shelf, bedroom wall decor, invisible bracket shelf, small space storage",
Tay025,HYMOKEGE 7-Piece Luxury Seersucker Bed-in-a-Bag Queen Comforter Set,"Drift off to sleep in a cloud of delicate texture with this stunning 7-piece premium queen bedding set. Certified by OEKO-TEX Standard 100 to ensure it is completely free from harmful substances, it features a unique, wrinkle-resistant seersucker wave pattern that adds a gorgeous touch of romance and elegance to your sanctuary. Filled with plush, lightweight polyester that provides cozy all-season comfort. Includes 1 fluffy comforter, 1 flat sheet, 1 deep-pocket fitted sheet that securely hugs mattresses up to 15 inches deep, 2 soft pillowcases, and 2 decorative shams.",$33.99,35%,https://m.media-amazon.com/images/I/81VVMnTq4aL.AC_SY300_SX300_QL70_FMwebp.jpg,https://amzn.to/4u5YSMV,🏠 HOME,Bedroom,"Cozy, Luxury, Soft Luxury, Neutral Decor","Textiles & Soft Furnishing, Dorm Essential","dark grey queen comforter, seersucker bedding set, bed in a bag luxury, all season bedding, cozy bedroom refresh",
Tay026,DUMOS Arched Floor Standing Full Length Mirror with Aluminum Frame,"Make your bedroom or dressing area feel instantly larger and brighter with this breathtaking 64""x21"" full-length arched mirror. Made with high-definition nano-tempered glass that offers beautiful, crystal-clear reflections without any distortion, this shatterproof mirror is housed in a stunning, ultra-thin aluminum alloy frame. Arriving completely assembled right out of the box, it features a durable built-in floor stand, though it can easily be leaned against a wall or mounted vertically to save precious space.",$48.96,30%,https://m.media-amazon.com/images/I/812gl6ZJw+L.AC_SY300_SX300_QL70_FMwebp.jpg,https://amzn.to/3Qq8ZgT,🏡 HOME DECOR,Mirrors,"Minimalist, Pinterest Aesthetic, Soft Luxury, Neutral Decor",Wall Decor,"arched full length mirror, floor standing mirror, full body dressing mirror, black aluminum frame, aesthetic room mirror",
Tay027,INDRESSME XXXLarge Neutral Woven Cotton Rope Blanket Storage Basket,"Keep your cozy blankets, pillows, and laundry neatly tucked away in this massive, beautifully crafted XXL cotton rope storage basket. Slow-woven with soft, premium cotton threads, it features an elegant minimalist boho design in a gorgeous neutral color scheme that blends seamlessly into any room. Free from sharp edges or harsh materials, this family-friendly basket is soft to the touch yet sturdy enough to hold its shape. Complete with comfortable, heavy-duty built-in handles for effortless carrying from the bedroom to the laundry room.",$19.94,23%,https://m.media-amazon.com/images/I/81DiiOn9cHL.AC_SL1500.jpg,https://amzn.to/4e7L93r,🧺 HOME ORGANIZATION,Storage Solutions,"Boho, Cozy, Warm & Homely, Neutral Decor","Storage Organizer, Organizer","xxl blanket basket, cotton rope storage, woven laundry hamper, neutral boho decor, living room pillow organizer",
Tay028,TESLYAR Solid Wood Nightstand Phone Docking Station & Organizer,"Bring a touch of warm, organic texture to your nightstand with this premium solid wood phone docking station. Beautifully crafted from high-quality wood and sealed with a durable, non-toxic protective finish, each piece showcases a unique natural grain pattern. It features a smart, multi-compartment design that elegantly docks your smartphone while organizing your everyday essentials—like your wallet, watch, keys, glasses, and fitness trackers—neatly in one place. Arrives in a lovely, gift-ready rustic box.",$39.80,--,https://m.media-amazon.com/images/I/81tBD9nzubL.AC_SY300_SX300_QL70_FMwebp.jpg,https://amzn.to/3QEHobP,🧺 HOME ORGANIZATION,Storage Solutions,"Minimalist, Functional, Warm & Homely","Storage Organizer, Organizer","wood docking station, nightstand organizer, men gift ideas, luxury watch stand, valet tray desk organizer",
Tay029,COMFYROOM Compact White Desktop Organizer with Drawers & Compartments,"Curate a neat, aesthetic workspace with this crisp white desktop organization station. Made from sturdy, high-quality ABS material, its compact footprint features 6 open compartments and 2 clear, smooth-sliding drawers to maximize storage without crowding your desk surface. Perfect for housing your daily skincare, makeup brushes, lipsticks, or keeping office stationery, journals, and pens organized. Its clean, bright look instantly coordinates with any modern room or dorm decor style.",$9.49,37%,https://m.media-amazon.com/images/I/71ii+XVBJ8L.AC_SL1500.jpg,https://amzn.to/4cCZ2Eb,💻 HOME OFFICE,Desk Organization,"Minimalist, Clean Girl, Neutral Decor, Compact Living","Desk Organizer, Storage Organizer","comfyroom desk organizer, white makeup drawers, aesthetic vanity storage, stationary holder, college dorm essentials",
Tay030,MAONO 192KHZ/24Bit Plug & Play USB PC Condenser Studio Microphone Kit,"Experience crisp, professional audio from the comfort of your home studio with this premium plug-and-play USB condenser microphone set. Equipped with a high-resolution 192kHz/24Bit sound chipset and a 16mm electret transducer, it delivers a rich bass response and clear, beautiful vocals. The kit connects instantly via USB to your computer without any complex driver software. Features a heavy-duty adjustable scissor boom arm, metal shock mount, pop filter, and a foam windscreen to keep your voice sounding pristine.",$51.14,30%,https://m.media-amazon.com/images/I/61nBnmqugjL.AC_SY300_SX300_QL70_FMwebp.jpg,https://amzn.to/3NWHlHv,🎙️ CREATOR SETUP,Podcast Setup,"Creator Aesthetic, Cozy Creator, Minimal Desk","Microphone, Podcast Equipment, Recording Equipment","maono usb mic, budget podcast microphone, cozy recording setup, desk boom arm, voice over equipment",
Tay031,FIFINE Low Profile Adjustable Metal Microphone Boom Arm Stand,"Clean up your desk setup visual profile with this premium low-profile microphone boom arm. Built from robust, stable metal, it features an ultra-sleek design that extends effortlessly from under or beneath your monitor screen, keeping your workspace open and completely unobstructed. Includes clever, hidden cable management channels to tuck away unruly mic cords for a beautifully tidy look. Offers 360-degree horizontal rotation and a 220-degree vertical adjustability range, and comes with multiple screw adapters.",$56.99,--,https://m.media-amazon.com/images/I/41tt4IHC._AC_,https://amzn.to/4tt4IHC,🎙️ CREATOR SETUP,Podcast Setup,"Minimalist, Creator Aesthetic, Minimal Desk","Recording Equipment, Tripods & Mounts","fifine low profile boom arm, mic stand desk clamp, sleek podcast gear, gaming streaming arm, cable management mic",
Tay032,Aokeo Professional Dual-Layered Microphone Pop Filter Shield,"Keep your audio recordings silky smooth and clear with this professional dual-layered microphone pop filter. It features a unique double-screen design that blocks sudden air blasts, banishing harsh hissing sounds or plosives. Supported by a flexible yet incredibly sturdy 360-degree steel metal gooseneck that keeps its position perfectly, it includes an adjustable rotating clamp lined with a scratch-proof gripper to lock securely onto any tubular boom arm or desk stand.",$9.99,--,https://m.media-amazon.com/images/I/4sbQmud._AC_,https://amzn.to/4sbQmud,🎙️ CREATOR SETUP,Podcast Setup,"Functional, Creator Aesthetic","Podcast Equipment, Recording Equipment","microphone pop filter, dual layer pop shield, aokeo mic screen, gooseneck pop filter, studio vocal recording",
Tay033,OneOdio Wired Over-Ear Hi-Res Studio Monitor & Mixing Headphones,"Immerse yourself in balanced, high-resolution audio with these ultra-comfortable over-ear studio monitor headphones. Equipped with large 50mm speaker drivers and powerful neodymium magnets, they deliver rich bass, clear vocals, and crisp highs perfect for mixing and editing. The luxurious, soft padded ear cushions provide exceptional noise isolation, while the 90-degree swiveling ear cups allow for quick single-ear monitoring. Features a flexible, self-adjusting headband and a shared audio port to link an extra pair of headphones.",$29.99,14%,https://m.media-amazon.com/images/I/4sVFFxa._AC_,https://amzn.to/4sVFFxa,🎙️ CREATOR SETUP,Audio Equipment,"Minimalist, Creator Aesthetic, Cozy Creator",Recording Equipment,"over ear studio headphones, mixing dj headsets, oneodio pro 10, wired monitor headphones, podcast editing gear",
Tay034,Focusound 52-Pack Acoustic Foam Panels with 300 Double-Sided Tapes,"Craft a pristine recording space while adding a clean, studio-ready look with this 52-pack of high-density acoustic foam panels. Designed with clever triangular groove structures, they absorb unwanted echoes, reverb, and flutter for professional vocal quality. Made from safe, non-toxic, and fire-resistant materials with excellent air permeability. Includes 300 pieces of heavy-duty double-sided adhesive tape for a straightforward, damage-free installation on your home office or podcast studio walls.",$36.99,33%,https://m.media-amazon.com/images/I/4sXt2lc._AC_,https://amzn.to/4sXt2lc,🎙️ CREATOR SETUP,Podcast Setup,"Functional, Creator Aesthetic",Recording Equipment,"acoustic foam panels, soundproofing wedge foam, sound proofing studio tiles, vocal booth sound panels, recording walls",
Tay035,ErGear Height Adjustable Electric Standing Desk (48 x 24 Inches),"Transition from sitting to standing with this beautiful, smooth-lifting electric standing desk. Featuring a spacious 48""x24"" desktop crafted from low-VOC materials, it offers an adjustable height range from 28.35 to 46.46 inches to encourage a healthy posture throughout long content-creation sessions. Driven by a quiet, robust motor, the smart digital control pad allows you to save up to 4 custom height memory presets. Supported by a heavy-duty alloy steel frame for rock-solid stability.",$104.99,25%,https://m.media-amazon.com/images/I/4sVIVIV._AC_,https://amzn.to/4sVIVIV,💻 HOME OFFICE,Desk Setup,"Minimalist, Functional, Creator Aesthetic","Desk, Office Furniture","electric standing desk, ergear sit stand table, height adjustable desk, memory computer workstation, minimal home office",
Tay036,PUKAMI Beige Criss Cross Swivel Office Desk Chair (No Wheels),"Bring a gorgeous, luxury lounge feel to your creative corner with this elegant armless criss-cross desk chair. Free from distracting wheels or armrests, it features a widened, U-shaped seat cushion padded with high-resilience foam and upholstered in a soft, skin-friendly beige twill fabric, letting you sit cross-legged or curl up comfortably. Supported by a striking black lacquered cross aluminum base with non-slip natural rubber feet to protect floors, it offers a 5-inch adjustable height, 360-degree swivel, and a relaxing tilt angle.",$59.99,--,https://m.media-amazon.com/images/I/812NGsUDw-L._AC_SL1500_.jpg,https://amzn.to/4dRr7s0,💻 HOME OFFICE,Seating,"Luxury, Soft Luxury, Neutral Decor, Cozy Creator","Office Chair, Accent Chair","criss cross desk chair, armless office seating, beige aesthetic chair, wide seat cushion, swivel desk chair no wheels",
Tay037,"LED Eye-Caring Desk Lamp with Clamp and Flexible Swing Arm, Black","Curate a warm, intentional glow at your workspace with this sleek architect-style clamp lamp. Featuring a 360-degree flexible gooseneck and an ultra-thin aluminum light bar, it lets you guide light exactly where your creative process needs it. Designed with eye-caring technology to banish glare and harsh flickering, it offers 3 soothing color temperatures (including a gorgeous 2700K warm glow) and 10 brightness levels. Includes a built-in memory function that recalls your favorite ambiance and a reliable USB power adapter.",$16.98,26%,https://m.media-amazon.com/images/I/61RJ3ZzSURL._AC_SL1489_.jpg,https://amzn.to/4fkjeOm,💻 HOME OFFICE,Lighting,"Minimalist, Functional, Cozy Creator, Minimal Desk",Lighting,"led clamp desk lamp, architect swing arm light, eye caring office lamp, warm study lighting, minimalist desk setup",
Tay038,DAYBETTER 6-Piece Dimmable Under Cabinet LED Strip Shelf Lights with Remote,"Bring a dreamy, high-end Pinterest aesthetic to your shelving, countertops, or display areas with this pre-cut 6-piece under-cabinet light kit. Radiating a beautiful spectrum from cozy warm light (2700K) to a crisp daylight white, these low-profile strips add a stunning layered brightness to any corner. Features easy dual control via a powerful touch dimmer or an RF remote complete with timing presets and memory functions. Backed by a strong, damage-free adhesive tape and an energy-efficient 24V adapter for a seamless, cozy glow-up.",$8.99,40%,https://m.media-amazon.com/images/I/71n8zYUI7uL._AC_SL1500_.jpg,https://amzn.to/3OucqCw,🏡 HOME DECOR,Lighting Decor,"Clean Girl, Pinterest Aesthetic, Cozy Creator, Warm & Homely",Lighting,"daybetter shelf lights, under cabinet led, warm white shelf strip, backdrop glow lights, kitchen accent lighting",
Tay039,"BAYKA Wall Mounted Paulownia Wood Floating Shelves (Set of 4, Black)","Style your dream podcast backdrop or study corner with this versatile set of 4 premium paulownia wood floating shelves. Beautifully lightweight yet naturally durable, they showcase a rustic wood grain finish paired with sturdy black metal triangular brackets that safely distribute up to 40 lbs per shelf. The pack includes three thoughtfully varied sizes (Small, Medium, Large) that allow you to customize your layout, eliminate desktop clutter, and display your journals, crystals, or favorite mugs with ease.",$19.99,41%,Coming soon,https://amzn.to/4slCKww,🏡 HOME DECOR,Shelving,"Industrial, Cozy, Small Space, Pinterest Aesthetic","Floating Shelf, Storage Organizer, Wall Decor","bayka floating shelves, rustic wood wall shelf, bedroom wall decor, invisible bracket shelf, small space storage",
Tay040,Der purple 4-Pack Mini Faux Potted Greenery Plants for Desk Decor,"Infuse your workspace with life and an organic, earthy texture using this beautiful curation of 4 mini faux potted plants. Measuring just 7 inches tall, each artificial green plant is styled with unique craftsmanship to capture a soft, realistic sage finish without any of the high-maintenance upkeep. Tucked into clean, neutral pots, these tiny greenery accents sit perfectly on a floating shelf, bedroom nightstand, or home office desk setup to bring a fresh, cozy, and natural vibe to your everyday background.",$9.99,38%,Coming soon,https://amzn.to/4mrBOpe,🏡 HOME DECOR,Artificial Plants,"Boho, Farmhouse, Cozy, Pinterest Aesthetic","Artificial Plant, Desk Organizer, Wall Decor","mini faux plants, der purple greenery, mantel decorations, small desk plants, cozy bedroom aesthetic",
Tay041,"Vermeyen 3D Rabbit Textured Soft Plush Easter Pillow Covers (18x18, Set of 2)","Bring an instant, cozy spring refresh to your sofa or accent chair with this lovely set of two plush pillow covers. Featuring a beautifully textured 3D rabbit motif, these covers are woven from ultra-soft faux fur that feels incredibly fuzzy to the touch while resisting snags. Designed with a thoughtful hidden side zipper for a seamless look and easy insert swaps, they add the perfect touch of seasonal warmth to your living room or bedroom. Machine washable.",$8.99,--,Coming soon,https://amzn.to/4bQO7GP,🏡 HOME DECOR,Living Room Decor,"Cozy, Neutral Decor, Warm & Homely, Pinterest Aesthetic","Throw Pillow, Textiles & Soft Furnishing","vermeyen bunny pillow, 3d rabbit cushion cover, soft plush easter decor, spring throw pillows, neutral sofa accents",
Tay042,Custom Embroidered Plush Bunny Toy - Personalized Child's First Easter Gift,"Celebrate life's sweet milestones with this precious, handmade custom plush bunny toy. Expertly sewn from the highest quality, cloud-soft fleece, this ultra-cozy rabbit features custom hand embroidery on the ears where you can add a child’s name in your choice of font. Perfect as a heartwarming keepsake or a dreamy addition to nursery shelving, it brings a personalized, nostalgic charm to your spring holiday traditions.",$15.98,--,Coming soon,https://amzn.to/3PFftb7,🏡 HOME DECOR,Bedroom,"Cozy, Soft Luxury, Minimalist","Accent Decor, Keepsake","personalized plush bunny, custom easter rabbit toy, embroidered baby keepsake, first easter bunny gift, soft nursery decor",
Tay043,"Moukeren 3D Jacquard Bunny Soft Faux Fur Throw Blanket (50"" x 60"", White)","Wrap your living room in cozy luxury with this gorgeous white spring throw blanket. Showcasing an elegant, raised 3D jacquard bunny pattern woven directly into the fabric, it adds a beautiful, layered look to your couch or bedding. The front features a wonderfully tactile texture, while the reverse offers a uniform layer of ultra-plush faux fur for breathable warmth without the weight. Resists pilling and shrinking to keep its dreamlike softness all season.",$26.99,7%,Coming soon,https://amzn.to/476Hz5c,🏡 HOME DECOR,Living Room Decor,"Cozy, Pinterest Aesthetic, Warm & Homely, Soft Luxury",Textiles & Soft Furnishing,"moukeren bunny blanket, white jacquard throw, easter plush blanket, cozy rabbit fur throw, spring sofa styling",
Tay044,White Ceramic Easter Bunny Eggs Table Figurines with Glasses (Set of 3),"Style an elegant, minimalist spring display with this whimsical set of three white ceramic bunny egg figurines. Beautifully crafted with a glossy, smooth round finish, each distinctively sized rabbit features a playful pair of black glasses. Whether arranged together on your fireplace mantel or spread across a cozy coffee table tray, their clean aesthetic brings a modern, sophisticated touch of joy to your neutral home styling.",$19.99,13%,Coming soon,https://amzn.to/41auHaE,🏡 HOME DECOR,Living Room Decor,"Minimalist, Pinterest Aesthetic, Clean Girl","Table Accent, Tableware","ceramic bunny with glasses, white rabbit egg figurines, minimalist easter decor, modern spring mantel accents, glossy ceramic rabbits",
Tay045,White Ceramic Bunny Figurines Farmhouse Table Centerpiece (Set of 2),"Embrace a serene farmhouse vibe with this charming pair of white ceramic bunny figurines. Crafted with an exquisite glossy finish and clean, smooth contours, this set of two varied sizes blends effortlessly with pastel spring flowers, wooden accents, or neutral Easter eggs. Perfect for adding a simple, curation-focused touch of seasonal magic to your window sills, entryway console, or kitchen shelves.",$13.99,13%,Coming soon,https://amzn.to/4713uea,🏡 HOME DECOR,Living Room Decor,"Farmhouse, Minimalist, Neutral Decor",Table Accent,"rustic ceramic bunnies, white farmhouse rabbit statues, minimalist spring centerpiece, neutral holiday shelf decor, glossy ceramic animals",
Tay046,Handcrafted Felt Bunny and Carrot Easter Garland with Wood Beads (6.5FT),"Instantly dress your fireplace or floating shelves with cozy texture using this handcrafted 6.5-foot Easter garland. Uniquely blending whimsy with a rustic touch, it features 5 plush 3D felt bunnies and 6 vibrant rolled-felt carrots strung along heavy-duty twine with 108 warm natural wood beads. Arriving fully assembled and ready to hang, it adds an effortless, layered farmhouse character to your seasonal spring home display.",$19.99,--,Coming soon,https://amzn.to/4bxQRZq,🏡 HOME DECOR,Living Room Decor,"Farmhouse, Warm & Homely, Boho, Pinterest Aesthetic","Hanging Garland, Wall Decor","felt bunny carrot garland, wood bead easter banner, rustic mantel spring decor, handcrafted holiday garland, cozy farmhouse easter",
Tay047,Miniature Woven Handbaskets with Colorful Pastel Foam Eggs (12 Baskets & 50 Eggs),"Craft the ultimate Pinterest-worthy spring display with this massive 12-pack of miniature woven handbaskets and 50 pastel foam eggs. Made from a lightweight imitation rattan material, each tiny 3x2-inch basket brings a simple pastoral charm to tight spaces like bookshelf niches, tiered trays, or console setups. Perfect for sprinkling pops of soft seasonal color and layered natural textures across your home decor scenes.",$18.99,--,Coming soon,https://amzn.to/4rGQQYX,🧺 HOME ORGANIZATION,Storage Solutions,"Boho, Warm & Homely, Cozy","Storage Organizer, Table Accent","mini woven easter baskets, pastel foam eggs pack, tiny rustic picnic baskets, tiered tray spring decor, miniature decorative props",
Tay048,Blossoms Gardenia Wildflower Large 3-Wick Soy Scented Easter Candle (14 oz),"Envelop your home in the refreshing aroma of a serene spring garden with this premium wildflower gardenia scented candle. Hand-poured with eco-friendly soy wax into a festive jar featuring an adorable bunny design, it boasts 3 clean-burning cotton wicks for an even 35-to-40 hour burn. Perfect for adding comforting, warm ambient lighting to your evening wind-down rituals while effortlessly matching your cozy spring mantel or coffee table aesthetic.",$18.99,--,Coming soon,https://amzn.to/4uHJDdT,🏡 HOME DECOR,Living Room Decor,"Cozy, Warm & Homely, Pinterest Aesthetic","Scented Candle, Lighting","blossoms gardenia candle, 3 wick easter soy candle, spring wildflower jar candle, cozy home lighting accents, gardenia floral scent",