Product Name,Product Description,Product Price,Discount %,Product Image URL,Product Link,🏠 Home Category,📦 Subcategory,🎨 Style Tag,🧃 Product Type,🏷️ Search Tags
Ninja Foodi Flip Toaster Oven & Air Fryer,"Maximize counter space and elevate your kitchen aesthetic with the Ninja Foodi 8-in-1 Flip-Up Air Fryer. Essential for stylish, functional, and organized small kitchens.",$249.99,40.00%,https://m.media-amazon.com/images/I/81wOCABev4L._AC_SL1500_.jpg,https://amzn.to/47Xhp5z,🧺 HOME ORGANIZATION,Kitchen Organization,Kitchen,Kitchen and Dining,"#kitchenorganization, #smallkitchenideas, #aesthetickitchen, #homedecor, #kitchenmusthaves, #storagehacks"
Under-Shelf Baskets & Drawer Dividers,"Declutter your kitchen cabinets instantly with these adjustable under-shelf storage baskets. Perfect for creating clean, organized, and space-efficient kitchen storage.",$27.95,N/A,https://m.media-amazon.com/images/I/71ARRSH8mEL._AC_SY300_SX300_QL70_FMwebp_.jpg,https://amzn.to/3Xi2GvO,🧺 HOME ORGANIZATION,Kitchen Organization,Kitchen,Kitchen and Dining,"#kitchenorganization, #smallkitchenideas, #aesthetickitchen, #homedecor, #kitchenmusthaves, #storagehacks"
SpaceAid Pull-Out Spice Rack Organizer,"Transform messy spice cabinets into an organized, aesthetic dream. Features a smooth slide-out design for effortless access and a clutter-free kitchen setup.",$29.98,23.00%,https://m.media-amazon.com/images/I/81N-yPnOGuL._AC_SX569_.jpg,https://amzn.to/495lUMG,🧺 HOME ORGANIZATION,Kitchen Organization,Kitchen,Kitchen and Dining,"#kitchenorganization, #smallkitchenideas, #aesthetickitchen, #homedecor, #kitchenmusthaves, #storagehacks"
Tiered Corner Shelves (Lazy Susans),"Eliminate unused kitchen corners with this 2-tier pull-out organizer. Ideal for maximizing deep corner cabinet space while maintaining a sleek, modern look.",$195.99,N/A,https://m.media-amazon.com/images/I/61-Ka9vz7-L._AC_SX679_.jpg,https://amzn.to/49D1U42,🧺 HOME ORGANIZATION,Kitchen Organization,Kitchen,Kitchen and Dining,"#kitchenorganization, #smallkitchenideas, #aesthetickitchen, #homedecor, #kitchenmusthaves, #storagehacks"
X-cosrack 3-Tier Stackable Snack Organizer,"Add rustic charm and functional storage to your pantry with this stackable 3-tier wire basket set. Great for organizing snacks, produce, and kitchen extras.",$35.99,19.00%,https://m.media-amazon.com/images/I/81K3vlhs64L._AC_SL1500_.jpg,https://amzn.to/4qQdRtu,🧺 HOME ORGANIZATION,Kitchen Organization,Kitchen,Kitchen and Dining,"#kitchenorganization, #smallkitchenideas, #aesthetickitchen, #homedecor, #kitchenmusthaves, #storagehacks"
Rubbermaid Brilliance Airtight Food Storage Set,"Keep your pantry visually cohesive and fresh with clear, airtight food storage containers. Includes scoops for seamless dry food and baking ingredient organization.",$46.08,N/A,https://m.media-amazon.com/images/I/71MWolcPSDL._AC_SL1500_.jpg,https://amzn.to/4ot1To4,🧺 HOME ORGANIZATION,Kitchen Organization,Kitchen,Kitchen and Dining,"#kitchenorganization, #smallkitchenideas, #aesthetickitchen, #homedecor, #kitchenmusthaves, #storagehacks"
Electric carving knife,"Host holiday dinners in style with this ergonomic electric carving knife set. Complete with a storage case and fork, ideal for effortless holiday meal prep.",$30.95,N/A,https://m.media-amazon.com/images/I/61QDdpK50uL._AC_SL1500_.jpg,https://amzn.to/3K6D0iY,🧺 HOME ORGANIZATION,Kitchen Organization,Kitchen,Seasons,"#thanksgivingdinner, #thanksgivingprep, #kitchenessentials, #holidaycooking, #fallkitchen"
Nonstick roasting pan with rack,Upgrade your seasonal tablescape prep with a durable nonstick roasting pan. Designed for easy cooking and cleanup during Thanksgiving and cozy family dinners.,$77.39,10.00%,https://m.media-amazon.com/images/I/7127kNlxXuL._AC_SY300_SX300_QL70_FMwebp_.jpg,https://amzn.to/3K9ewph,🧺 HOME ORGANIZATION,Kitchen Organization,Kitchen,Seasons,"#thanksgivingdinner, #thanksgivingprep, #kitchenessentials, #holidaycooking, #fallkitchen"
Ceramic pumpkin casserole dish (neutral),Blend autumn aesthetic with functionality using this neutral ceramic pumpkin dish. Moves seamlessly from oven to dining table for stunning fall decor and serving.,$59.95,N/A,https://m.media-amazon.com/images/I/71y3sDbnCTL._AC_SY450_.jpg,https://amzn.to/47Y1SRN,🧺 HOME ORGANIZATION,Kitchen Organization,Kitchen,Seasons,"#thanksgivingdinner, #thanksgivingprep, #kitchenessentials, #holidaycooking, #fallkitchen"
Cosori 9-in-1 TurboBlaze Air Fryer,Streamline your cooking with the Cosori 9-in-1 TurboBlaze Air Fryer. Designed with a modern finish to elevate your kitchen countertop aesthetics while simplifying meals.,$119.99,17.00%,https://m.media-amazon.com/images/I/81R9sA3IyBL._AC_SL1500_.jpg,https://amzn.to/4pg1zZJ,🧺 HOME ORGANIZATION,Kitchen Organization,Kitchen,Seasons,"#thanksgivingdinner, #thanksgivingprep, #kitchenessentials, #holidaycooking, #fallkitchen"